<application>
  <component name="MaterialThemeConfig">
    <option name="accentScrollbars" value="false" />
    <option name="allowDataCollection" value="true" />
    <option name="compactDropdowns" value="true" />
    <option name="compactSidebar" value="true" />
    <option name="darkTitleBar" value="true" />
    <option name="isCompactMenus" value="true" />
    <option name="isCompactStatusBar" value="true" />
    <option name="isCompactTables" value="true" />
    <option name="isCustomTreeIndentEnabled" value="true" />
    <option name="isWizardShown" value="true" />
    <option name="overrideAccentColor" value="false" />
    <option name="pristineConfig" value="false" />
    <option name="statusBarTheme" value="false" />
    <option name="tabFontSizeEnabled" value="true" />
    <option name="upperCaseButtons" value="false" />
    <option name="tabFontSize" value="13" />
    <option name="highlightThickness" value="1" />
    <option name="rightTreeIndent" value="8" />
    <option name="settingsSelectedTab" value="6" />
    <option name="tabsHeight" value="18" />
    <option name="accentColor" value="00e1d4" />
    <option name="selectedTheme" value="CUSTOM" />
    <option name="userId" value="-2f0ae9c3:16f0ec6729c:-8000" />
    <option name="version" value="4.11.5" />
  </component>
</application>